{
  "project_info": {
    "project_number": "646177565344",
    "project_id": "mess-f3723",
    "storage_bucket": "mess-f3723.firebasestorage.app"
  },
  "client": [
    {
      "client_info": {
        "mobilesdk_app_id": "1:646177565344:android:4039b2e33a213e4deb37c5",
        "android_client_info": {
          "package_name": "com.example.mess"
        }
      },
      "oauth_client": [],
      "api_key": [
        {
          "current_key": "AIzaSyAB0xI-1mcTmtlr1AuTWcWQfxdxhBggoGk"
        }
      ],
      "services": {
        "appinvite_service": {
          "other_platform_oauth_client": []
        }
      }
    }
  ],
  "configuration_version": "1"
}